{
  "name": "discord-rich-presence",
  "title": "Discord Rich Presence",
  "description": "Displays current Forge status in Discord",
  "version": "0.2.1",
  "author": "Cody Swendrowski <cody@swendrowski.us>",
  "scripts": [
    "./richpresence.js"
  ],
  "styles": [],
  "packs": [],
  "url": "https://github.com/cswendrowski/ForgeVTT-Discord-Rich-Presence",
  "manifest": "https://raw.githubusercontent.com/cswendrowski/ForgeVTT-Discord-Rich-Presence/master/module.json",
  "download": "https://github.com/Pingar5/alwaysshownotes/raw/master/alwaysshownotes.zip"
}